Afghanistan;ABBYY Russia;For details about the activation procedure, please contact the distributor from which you purchased the software. Should you have any questions, please contact the nearest ABBYY office: ABBYY Russia, Tel.: +7 095 783 3700 ;Fax: +7 095 783 2663;
Albania;ABBYY Ukraine;Tel.: +38 044 490 94 63;Fax: +38 044 490 9461;
Algeria;ABBYY Russia;For details about the activation procedure, please contact the distributor from which you purchased the software. Should you have any questions, please contact the nearest ABBYY office: ABBYY Russia, Tel.: +7 095 783 3700 ;Fax: +7 095 783 2663;
American Samoa;ABBYY USA;Tel.: +1 510 226 6717;;Phone activation is only available: between 9 am and 6 pm Pacific Standard Time Monday to Friday.
Andorra;ABBYY Europe GmbH;Tel.: +49 89 511159-0 ;Fax: +49 89 5111 5959;
Angola;ABBYY Russia;For details about the activation procedure, please contact the distributor from which you purchased the software. Should you have any questions, please contact the nearest ABBYY office: ABBYY Russia, Tel.: +7 095 783 3700 ;Fax: +7 095 783 2663;
Anguilla;ABBYY Russia;For details about the activation procedure, please contact the distributor from which you purchased the software. Should you have any questions, please contact the nearest ABBYY office: ABBYY Russia, Tel.: +7 095 783 3700 ;Fax: +7 095 783 2663;
Antarctica;ABBYY Russia;For details about the activation procedure, please contact the distributor from which you purchased the software. Should you have any questions, please contact the nearest ABBYY office: ABBYY Russia, Tel.: +7 095 783 3700 ;Fax: +7 095 783 2663;
Antigua & Barbuda;ABBYY Russia;For details about the activation procedure, please contact the distributor from which you purchased the software. Should you have any questions, please contact the nearest ABBYY office: ABBYY Russia, Tel.: +7 095 783 3700 ;Fax: +7 095 783 2663;
Argentina;ABBYY USA;Tel.: +1 510 226 6717;;Phone activation is only available: between 9 am and 6 pm Pacific Standard Time Monday to Friday.
Armenia;ABBYY Russia;For details about the activation procedure, please contact the distributor from which you purchased the software. Should you have any questions, please contact the nearest ABBYY office: ABBYY Russia, Tel.: +7 095 783 3700 ;Fax: +7 095 783 2663;
Australia;ABBYY Russia;For details about the activation procedure, please contact the distributor from which you purchased the software. Should you have any questions, please contact the nearest ABBYY office: ABBYY Russia, Tel.: +7 095 783 3700 ;Fax: +7 095 783 2663;
Austria;ABBYY Europe GmbH;Tel.: 0810240128;Fax: 0810240129;
Azerbaijan;ABBYY Russia;For details about the activation procedure, please contact the distributor from which you purchased the software. Should you have any questions, please contact the nearest ABBYY office: ABBYY Russia, Tel.: +7 095 783 3700 ;Fax: +7 095 783 2663;
Bahamas;ABBYY USA;Tel.: +1 510 226 6717;;Phone activation is only available: between 9 am and 6 pm Pacific Standard Time Monday to Friday.
Bahrain;ABBYY Russia;For details about the activation procedure, please contact the distributor from which you purchased the software. Should you have any questions, please contact the nearest ABBYY office: ABBYY Russia, Tel.: +7 095 783 3700 ;Fax: +7 095 783 2663;
Bangladesh;ABBYY Russia;For details about the activation procedure, please contact the distributor from which you purchased the software. Should you have any questions, please contact the nearest ABBYY office: ABBYY Russia, Tel.: +7 095 783 3700 ;Fax: +7 095 783 2663;Phone activation is only available: between 9 am and 6 pm Indian Standard Time Monday to Saturday.
Barbados;ABBYY Russia;For details about the activation procedure, please contact the distributor from which you purchased the software. Should you have any questions, please contact the nearest ABBYY office: ABBYY Russia, Tel.: +7 095 783 3700 ;Fax: +7 095 783 2663;
Belarus;ABBYY Russia;For details about the activation procedure, please contact the distributor from which you purchased the software. Should you have any questions, please contact the nearest ABBYY office: ABBYY Russia, Tel.: +7 095 783 3700 ;Fax: +7 095 783 2663;
Belgium;ABBYY Europe GmbH;Tel.: 078189984 ;Fax: 078189985;
Belize;ABBYY USA;Tel.: +1 510 226 6717;;Phone activation is only available: between 9 am and 6 pm Pacific Standard Time Monday to Friday.
Benin;ABBYY Russia;For details about the activation procedure, please contact the distributor from which you purchased the software. Should you have any questions, please contact the nearest ABBYY office: ABBYY Russia, Tel.: +7 095 783 3700 ;Fax: +7 095 783 2663;
Bermuda;ABBYY Russia;For details about the activation procedure, please contact the distributor from which you purchased the software. Should you have any questions, please contact the nearest ABBYY office: ABBYY Russia, Tel.: +7 095 783 3700 ;Fax: +7 095 783 2663;
Bhutan;ABBYY Russia;For details about the activation procedure, please contact the distributor from which you purchased the software. Should you have any questions, please contact the nearest ABBYY office: ABBYY Russia, Tel.: +7 095 783 3700 ;Fax: +7 095 783 2663;
Bolivia;ABBYY USA;Tel.: +1 510 226 6717;;Phone activation is only available: between 9 am and 6 pm Pacific Standard Time Monday to Friday.
Bosnia-Herzegovina;ABBYY Ukraine;Tel.: +38 044 490 94 63;Fax: +38 044 490 9461;
Botswana;ABBYY Russia;For details about the activation procedure, please contact the distributor from which you purchased the software. Should you have any questions, please contact the nearest ABBYY office: ABBYY Russia, Tel.: +7 095 783 3700 ;Fax: +7 095 783 2663;
Brazil;ABBYY USA;Tel.: +1 510 226 6717;;Phone activation is only available: between 9 am and 6 pm Pacific Standard Time Monday to Friday.
Brunei;ABBYY Russia;For details about the activation procedure, please contact the distributor from which you purchased the software. Should you have any questions, please contact the nearest ABBYY office: ABBYY Russia, Tel.: +7 095 783 3700 ;Fax: +7 095 783 2663;
Bulgaria;David Holding Co.;"Tel.: +359 2 9819061; +359 431 64900";"Fax: +359 2 9819464; +359 431 62253 ";
Burkina Faso;ABBYY Russia;For details about the activation procedure, please contact the distributor from which you purchased the software. Should you have any questions, please contact the nearest ABBYY office: ABBYY Russia, Tel.: +7 095 783 3700 ;Fax: +7 095 783 2663;
Burundi;ABBYY Russia;For details about the activation procedure, please contact the distributor from which you purchased the software. Should you have any questions, please contact the nearest ABBYY office: ABBYY Russia, Tel.: +7 095 783 3700 ;Fax: +7 095 783 2663;
Cambodia;ABBYY Russia;For details about the activation procedure, please contact the distributor from which you purchased the software. Should you have any questions, please contact the nearest ABBYY office: ABBYY Russia, Tel.: +7 095 783 3700 ;Fax: +7 095 783 2663;
Cameroon;ABBYY Russia;For details about the activation procedure, please contact the distributor from which you purchased the software. Should you have any questions, please contact the nearest ABBYY office: ABBYY Russia, Tel.: +7 095 783 3700 ;Fax: +7 095 783 2663;
Canada;ABBYY USA;Tel.: +1 510 226 6717;;Phone activation is only available: between 9 am and 6 pm Pacific Standard Time Monday to Friday.
Cape Verde;ABBYY Europe GmbH;Tel.: +49 89 511159-0 ;Fax: +49 89 5111 5959;
Cayman Islands;ABBYY Russia;For details about the activation procedure, please contact the distributor from which you purchased the software. Should you have any questions, please contact the nearest ABBYY office: ABBYY Russia, Tel.: +7 095 783 3700 ;Fax: +7 095 783 2663;
Central Africa Republic;ABBYY Russia;For details about the activation procedure, please contact the distributor from which you purchased the software. Should you have any questions, please contact the nearest ABBYY office: ABBYY Russia, Tel.: +7 095 783 3700 ;Fax: +7 095 783 2663;
Chad;ABBYY Russia;For details about the activation procedure, please contact the distributor from which you purchased the software. Should you have any questions, please contact the nearest ABBYY office: ABBYY Russia, Tel.: +7 095 783 3700 ;Fax: +7 095 783 2663;
Chile;ABBYY USA;Tel.: +1 510 226 6717;;Phone activation is only available: between 9 am and 6 pm Pacific Standard Time Monday to Friday.
China;ABBYY Russia;For details about the activation procedure, please contact the distributor from which you purchased the software. Should you have any questions, please contact the nearest ABBYY office: ABBYY Russia, Tel.: +7 095 783 3700 ;Fax: +7 095 783 2663;
Christmas Island;ABBYY Russia;For details about the activation procedure, please contact the distributor from which you purchased the software. Should you have any questions, please contact the nearest ABBYY office: ABBYY Russia, Tel.: +7 095 783 3700 ;Fax: +7 095 783 2663;
Cocos Island;ABBYY Russia;For details about the activation procedure, please contact the distributor from which you purchased the software. Should you have any questions, please contact the nearest ABBYY office: ABBYY Russia, Tel.: +7 095 783 3700 ;Fax: +7 095 783 2663;
Colombia;ABBYY USA;Tel.: +1 510 226 6717;;Phone activation is only available: between 9 am and 6 pm Pacific Standard Time Monday to Friday.
Comoros;ABBYY Russia;For details about the activation procedure, please contact the distributor from which you purchased the software. Should you have any questions, please contact the nearest ABBYY office: ABBYY Russia, Tel.: +7 095 783 3700 ;Fax: +7 095 783 2663;
Congo;ABBYY USA;Tel.: +1 510 226 6717;;Phone activation is only available: between 9 am and 6 pm Pacific Standard Time Monday to Friday.
Cook Islands;ABBYY Russia;For details about the activation procedure, please contact the distributor from which you purchased the software. Should you have any questions, please contact the nearest ABBYY office: ABBYY Russia, Tel.: +7 095 783 3700 ;Fax: +7 095 783 2663;
Costa Rica;ABBYY USA;Tel.: +1 510 226 6717;;Phone activation is only available: between 9 am and 6 pm Pacific Standard Time Monday to Friday.
Cote D'ivoire;ABBYY Russia;For details about the activation procedure, please contact the distributor from which you purchased the software. Should you have any questions, please contact the nearest ABBYY office: ABBYY Russia, Tel.: +7 095 783 3700 ;Fax: +7 095 783 2663;
Croatia;Digital Media d.o.o.;Tel.: +385 40 343 612;Fax: +385 40 343 710;
Cuba;ABBYY USA;Tel.: +1 510 226 6717;;Phone activation is only available: between 9 am and 6 pm Pacific Standard Time Monday to Friday.
Cyprus;Tsiakkastel Office Line Ltd.;Tel.: +357 22 862700;Fax: +357 22 862850;
Czech Republic;NupsesoCZ, s.r.o.;Tel.: +421 37 6542434;Fax:  +421 37 6542381;
Denmark;ABBYY Europe GmbH;Tel.: 70100093;Fax: 70100094;
Djibouti;ABBYY Russia;For details about the activation procedure, please contact the distributor from which you purchased the software. Should you have any questions, please contact the nearest ABBYY office: ABBYY Russia, Tel.: +7 095 783 3700 ;Fax: +7 095 783 2663;
Dominica;ABBYY Russia;For details about the activation procedure, please contact the distributor from which you purchased the software. Should you have any questions, please contact the nearest ABBYY office: ABBYY Russia, Tel.: +7 095 783 3700 ;Fax: +7 095 783 2663;
Dominican Republic;ABBYY Russia;For details about the activation procedure, please contact the distributor from which you purchased the software. Should you have any questions, please contact the nearest ABBYY office: ABBYY Russia, Tel.: +7 095 783 3700 ;Fax: +7 095 783 2663;
Ecuador;ABBYY USA;Tel.: +1 510 226 6717;;Phone activation is only available: between 9 am and 6 pm Pacific Standard Time Monday to Friday.
Egypt;ABBYY Russia;For details about the activation procedure, please contact the distributor from which you purchased the software. Should you have any questions, please contact the nearest ABBYY office: ABBYY Russia, Tel.: +7 095 783 3700 ;Fax: +7 095 783 2663;
El Salvador;ABBYY USA;Tel.: +1 510 226 6717;;Phone activation is only available: between 9 am and 6 pm Pacific Standard Time Monday to Friday.
Equatorial Guinea;ABBYY Europe GmbH;Tel.: +49 89 511159-0 ;Fax: +49 89 5111 5959;
Eritrea;ABBYY Russia;For details about the activation procedure, please contact the distributor from which you purchased the software. Should you have any questions, please contact the nearest ABBYY office: ABBYY Russia, Tel.: +7 095 783 3700 ;Fax: +7 095 783 2663;
Estonia;ABBYY Russia;For details about the activation procedure, please contact the distributor from which you purchased the software. Should you have any questions, please contact the nearest ABBYY office: ABBYY Russia, Tel.: +7 095 783 3700 ;Fax: +7 095 783 2663;Phone activation is available: between 8 am and 4 pm (GMT+02) Monday to Friday.
Ethiopia;ABBYY Russia;For details about the activation procedure, please contact the distributor from which you purchased the software. Should you have any questions, please contact the nearest ABBYY office: ABBYY Russia, Tel.: +7 095 783 3700 ;Fax: +7 095 783 2663;
Federated States of Micronesia;ABBYY USA;Tel.: +1 510 226 6717;;Phone activation is only available: between 9 am and 6 pm Pacific Standard Time Monday to Friday.
Fiji;ABBYY Russia;For details about the activation procedure, please contact the distributor from which you purchased the software. Should you have any questions, please contact the nearest ABBYY office: ABBYY Russia, Tel.: +7 095 783 3700 ;Fax: +7 095 783 2663;
Finland;ABBYY Europe GmbH;Tel.: 0108 0 9522;Fax: 0108 0 9525;
France;ABBYY Europe GmbH;Tel.: 0825770041;Fax: 0825770042;
French Guiana;ABBYY USA;Tel.: +1 510 226 6717;;Phone activation is only available: between 9 am and 6 pm Pacific Standard Time Monday to Friday.
French Polynesia;ABBYY Russia;For details about the activation procedure, please contact the distributor from which you purchased the software. Should you have any questions, please contact the nearest ABBYY office: ABBYY Russia, Tel.: +7 095 783 3700 ;Fax: +7 095 783 2663;
Gabon;ABBYY Russia;For details about the activation procedure, please contact the distributor from which you purchased the software. Should you have any questions, please contact the nearest ABBYY office: ABBYY Russia, Tel.: +7 095 783 3700 ;Fax: +7 095 783 2663;
Gambia;ABBYY Russia;For details about the activation procedure, please contact the distributor from which you purchased the software. Should you have any questions, please contact the nearest ABBYY office: ABBYY Russia, Tel.: +7 095 783 3700 ;Fax: +7 095 783 2663;
Georgia;ABBYY Russia;For details about the activation procedure, please contact the distributor from which you purchased the software. Should you have any questions, please contact the nearest ABBYY office: ABBYY Russia, Tel.: +7 095 783 3700 ;Fax: +7 095 783 2663;
Germany;ABBYY Europe GmbH;Tel.: 01803959000;Fax: 01803958585;
Ghana;ABBYY Russia;For details about the activation procedure, please contact the distributor from which you purchased the software. Should you have any questions, please contact the nearest ABBYY office: ABBYY Russia, Tel.: +7 095 783 3700 ;Fax: +7 095 783 2663;
Gibraltar;ABBYY Europe GmbH;Tel.: +49 89 511159-0 ;Fax: +49 89 5111 5959;
Greece;ABBYY Europe GmbH;Tel.: +49 6950071892;Fax: +49 6950071894;
Greenland;ABBYY Europe GmbH;Tel.: +49 89 511159-0 ;Fax: +49 89 5111 5959;
Guatemala;ABBYY USA;Tel.: +1 510 226 6717;;Phone activation is only available: between 9 am and 6 pm Pacific Standard Time Monday to Friday.
Guinea;ABBYY Russia;For details about the activation procedure, please contact the distributor from which you purchased the software. Should you have any questions, please contact the nearest ABBYY office: ABBYY Russia, Tel.: +7 095 783 3700 ;Fax: +7 095 783 2663;
Guinea-Bissau;ABBYY Russia;For details about the activation procedure, please contact the distributor from which you purchased the software. Should you have any questions, please contact the nearest ABBYY office: ABBYY Russia, Tel.: +7 095 783 3700 ;Fax: +7 095 783 2663;
Guyana;ABBYY USA;Tel.: +1 510 226 6717;;Phone activation is only available: between 9 am and 6 pm Pacific Standard Time Monday to Friday.
Haiti;ABBYY USA;Tel.: +1 510 226 6717;;Phone activation is only available: between 9 am and 6 pm Pacific Standard Time Monday to Friday.
Honduras;ABBYY USA;Tel.: +1 510 226 6717;;Phone activation is only available: between 9 am and 6 pm Pacific Standard Time Monday to Friday.
Hong Kong;ABBYY Russia;For details about the activation procedure, please contact the distributor from which you purchased the software. Should you have any questions, please contact the nearest ABBYY office: ABBYY Russia, Tel.: +7 095 783 3700 ;Fax: +7 095 783 2663;
Hungary;LICENCIA Kereskedelmi Kft;Tel: +361 3171055;Fax: +361 3172834;
Iceland;ABBYY Europe GmbH;Tel.: +49 6950071896;Fax: +49 6950071895;
India;ABBYY Russia;For details about the activation procedure, please contact the distributor from which you purchased the software. Should you have any questions, please contact the nearest ABBYY office: ABBYY Russia, Tel.: +7 095 783 3700 ;Fax: +7 095 783 2663;
Indonesia;ABBYY Russia;For details about the activation procedure, please contact the distributor from which you purchased the software. Should you have any questions, please contact the nearest ABBYY office: ABBYY Russia, Tel.: +7 095 783 3700 ;Fax: +7 095 783 2663;
Iran;ABBYY Russia;For details about the activation procedure, please contact the distributor from which you purchased the software. Should you have any questions, please contact the nearest ABBYY office: ABBYY Russia, Tel.: +7 095 783 3700 ;Fax: +7 095 783 2663;
Iraq;ABBYY Russia;For details about the activation procedure, please contact the distributor from which you purchased the software. Should you have any questions, please contact the nearest ABBYY office: ABBYY Russia, Tel.: +7 095 783 3700 ;Fax: +7 095 783 2663;
Ireland;ABBYY Europe GmbH;Tel.: 1890946794;Fax: 1890946795;
Israel;Software Sources;Tel: +972 9 7714578;Fax: +972 9 7712194;
Italy;ABBYY Europe GmbH;Tel.: 848782402;Fax: 848782403;
Jamaica;ABBYY USA;Tel.: +1 510 226 6717;;Phone activation is only available: between 9 am and 6 pm Pacific Standard Time Monday to Friday.
Japan;ABBYY Russia;For details about the activation procedure, please contact the distributor from which you purchased the software. Should you have any questions, please contact the nearest ABBYY office: ABBYY Russia, Tel.: +7 095 783 3700 ;Fax: +7 095 783 2663;
Jersey;ABBYY USA;Tel.: +1 510 226 6717;;Phone activation is only available: between 9 am and 6 pm Pacific Standard Time Monday to Friday.
Jordan;ABBYY Russia;For details about the activation procedure, please contact the distributor from which you purchased the software. Should you have any questions, please contact the nearest ABBYY office: ABBYY Russia, Tel.: +7 095 783 3700 ;Fax: +7 095 783 2663;
Kazakhstan;ABBYY Russia;For details about the activation procedure, please contact the distributor from which you purchased the software. Should you have any questions, please contact the nearest ABBYY office: ABBYY Russia, Tel.: +7 095 783 3700 ;Fax: +7 095 783 2663;
Kenya;ABBYY Russia;For details about the activation procedure, please contact the distributor from which you purchased the software. Should you have any questions, please contact the nearest ABBYY office: ABBYY Russia, Tel.: +7 095 783 3700 ;Fax: +7 095 783 2663;
Kiribati;ABBYY Russia;For details about the activation procedure, please contact the distributor from which you purchased the software. Should you have any questions, please contact the nearest ABBYY office: ABBYY Russia, Tel.: +7 095 783 3700 ;Fax: +7 095 783 2663;
Korea, North;ABBYY Russia;For details about the activation procedure, please contact the distributor from which you purchased the software. Should you have any questions, please contact the nearest ABBYY office: ABBYY Russia, Tel.: +7 095 783 3700 ;Fax: +7 095 783 2663;
Korea, South;ABBYY Russia;For details about the activation procedure, please contact the distributor from which you purchased the software. Should you have any questions, please contact the nearest ABBYY office: ABBYY Russia, Tel.: +7 095 783 3700 ;Fax: +7 095 783 2663;
Kuwait;ABBYY Russia;For details about the activation procedure, please contact the distributor from which you purchased the software. Should you have any questions, please contact the nearest ABBYY office: ABBYY Russia, Tel.: +7 095 783 3700 ;Fax: +7 095 783 2663;
Kyrgyzstan;ABBYY Russia;For details about the activation procedure, please contact the distributor from which you purchased the software. Should you have any questions, please contact the nearest ABBYY office: ABBYY Russia, Tel.: +7 095 783 3700 ;Fax: +7 095 783 2663;
Laos;ABBYY Russia;For details about the activation procedure, please contact the distributor from which you purchased the software. Should you have any questions, please contact the nearest ABBYY office: ABBYY Russia, Tel.: +7 095 783 3700 ;Fax: +7 095 783 2663;
Latvia;ABBYY Russia;For details about the activation procedure, please contact the distributor from which you purchased the software. Should you have any questions, please contact the nearest ABBYY office: ABBYY Russia, Tel.: +7 095 783 3700 ;Fax: +7 095 783 2663;Phone activation is only available between 9am and 6pm local time.
Lebanon;ABBYY Russia;For details about the activation procedure, please contact the distributor from which you purchased the software. Should you have any questions, please contact the nearest ABBYY office: ABBYY Russia, Tel.: +7 095 783 3700 ;Fax: +7 095 783 2663;
Lesotho;ABBYY Russia;For details about the activation procedure, please contact the distributor from which you purchased the software. Should you have any questions, please contact the nearest ABBYY office: ABBYY Russia, Tel.: +7 095 783 3700 ;Fax: +7 095 783 2663;
Liberia;ABBYY Russia;For details about the activation procedure, please contact the distributor from which you purchased the software. Should you have any questions, please contact the nearest ABBYY office: ABBYY Russia, Tel.: +7 095 783 3700 ;Fax: +7 095 783 2663;
Libya;ABBYY Russia;For details about the activation procedure, please contact the distributor from which you purchased the software. Should you have any questions, please contact the nearest ABBYY office: ABBYY Russia, Tel.: +7 095 783 3700 ;Fax: +7 095 783 2663;
Liechtenstein;ABBYY Europe GmbH;Tel.: +49 89 511159-0 ;Fax: +49 89 5111 5959;
Lithuania;ABBYY Russia;For details about the activation procedure, please contact the distributor from which you purchased the software. Should you have any questions, please contact the nearest ABBYY office: ABBYY Russia, Tel.: +7 095 783 3700 ;Fax: +7 095 783 2663;
Luxembourg;ABBYY Europe GmbH;Tel.: 3420808272;Fax: 3420808273;
Macau;ABBYY Russia;For details about the activation procedure, please contact the distributor from which you purchased the software. Should you have any questions, please contact the nearest ABBYY office: ABBYY Russia, Tel.: +7 095 783 3700 ;Fax: +7 095 783 2663;
Macedonia;Neocom;Tel.: + 389 2 2402142;Fax: + 389 2 2465236;
Madagascar;ABBYY Russia;For details about the activation procedure, please contact the distributor from which you purchased the software. Should you have any questions, please contact the nearest ABBYY office: ABBYY Russia, Tel.: +7 095 783 3700 ;Fax: +7 095 783 2663;
Malawi;ABBYY Russia;For details about the activation procedure, please contact the distributor from which you purchased the software. Should you have any questions, please contact the nearest ABBYY office: ABBYY Russia, Tel.: +7 095 783 3700 ;Fax: +7 095 783 2663;
Malaysia;ABBYY Russia;For details about the activation procedure, please contact the distributor from which you purchased the software. Should you have any questions, please contact the nearest ABBYY office: ABBYY Russia, Tel.: +7 095 783 3700 ;Fax: +7 095 783 2663;
Maldives;ABBYY Russia;For details about the activation procedure, please contact the distributor from which you purchased the software. Should you have any questions, please contact the nearest ABBYY office: ABBYY Russia, Tel.: +7 095 783 3700 ;Fax: +7 095 783 2663;
Mali;ABBYY Russia;For details about the activation procedure, please contact the distributor from which you purchased the software. Should you have any questions, please contact the nearest ABBYY office: ABBYY Russia, Tel.: +7 095 783 3700 ;Fax: +7 095 783 2663;
Malta;ABBYY Europe GmbH;Tel.: +49 89 511159-0 ;Fax: +49 89 5111 5959;
Marshall Islands;ABBYY Russia;For details about the activation procedure, please contact the distributor from which you purchased the software. Should you have any questions, please contact the nearest ABBYY office: ABBYY Russia, Tel.: +7 095 783 3700 ;Fax: +7 095 783 2663;
Martinique;ABBYY USA;Tel.: +1 510 226 6717;;Phone activation is only available: between 9 am and 6 pm Pacific Standard Time Monday to Friday.
Mauritani;ABBYY Russia;For details about the activation procedure, please contact the distributor from which you purchased the software. Should you have any questions, please contact the nearest ABBYY office: ABBYY Russia, Tel.: +7 095 783 3700 ;Fax: +7 095 783 2663;
Mauritius;ABBYY Russia;For details about the activation procedure, please contact the distributor from which you purchased the software. Should you have any questions, please contact the nearest ABBYY office: ABBYY Russia, Tel.: +7 095 783 3700 ;Fax: +7 095 783 2663;
Mayotte;ABBYY Russia;For details about the activation procedure, please contact the distributor from which you purchased the software. Should you have any questions, please contact the nearest ABBYY office: ABBYY Russia, Tel.: +7 095 783 3700 ;Fax: +7 095 783 2663;
Mexico;ABBYY USA;Tel.: +1 510 226 6717;;Phone activation is only available: between 9 am and 6 pm Pacific Standard Time Monday to Friday.
Moldova;ABBYY Russia;For details about the activation procedure, please contact the distributor from which you purchased the software. Should you have any questions, please contact the nearest ABBYY office: ABBYY Russia, Tel.: +7 095 783 3700 ;Fax: +7 095 783 2663;
Monaco;ABBYY Europe GmbH;Tel.: +49 89 511159-0 ;Fax: +49 89 5111 5959;
Mongolia;ABBYY Russia;For details about the activation procedure, please contact the distributor from which you purchased the software. Should you have any questions, please contact the nearest ABBYY office: ABBYY Russia, Tel.: +7 095 783 3700 ;Fax: +7 095 783 2663;
Montserrat;ABBYY USA;Tel.: +1 510 226 6717;;Phone activation is only available: between 9 am and 6 pm Pacific Standard Time Monday to Friday.
Morocco;ABBYY Russia;For details about the activation procedure, please contact the distributor from which you purchased the software. Should you have any questions, please contact the nearest ABBYY office: ABBYY Russia, Tel.: +7 095 783 3700 ;Fax: +7 095 783 2663;
Mozambique;ABBYY Russia;For details about the activation procedure, please contact the distributor from which you purchased the software. Should you have any questions, please contact the nearest ABBYY office: ABBYY Russia, Tel.: +7 095 783 3700 ;Fax: +7 095 783 2663;
Namibia;ABBYY Russia;For details about the activation procedure, please contact the distributor from which you purchased the software. Should you have any questions, please contact the nearest ABBYY office: ABBYY Russia, Tel.: +7 095 783 3700 ;Fax: +7 095 783 2663;
Nauru;ABBYY Russia;For details about the activation procedure, please contact the distributor from which you purchased the software. Should you have any questions, please contact the nearest ABBYY office: ABBYY Russia, Tel.: +7 095 783 3700 ;Fax: +7 095 783 2663;
Nepal;ABBYY Russia;For details about the activation procedure, please contact the distributor from which you purchased the software. Should you have any questions, please contact the nearest ABBYY office: ABBYY Russia, Tel.: +7 095 783 3700 ;Fax: +7 095 783 2663;
Netherlands;ABBYY Europe GmbH;Tel.: 09000400240;Fax: 09000400241;
Netherlands Antilles;ABBYY USA;Tel.: +1 510 226 6717;;Phone activation is only available: between 9 am and 6 pm Pacific Standard Time Monday to Friday.
New Caledonia;ABBYY Russia;For details about the activation procedure, please contact the distributor from which you purchased the software. Should you have any questions, please contact the nearest ABBYY office: ABBYY Russia, Tel.: +7 095 783 3700 ;Fax: +7 095 783 2663;
New Zealand;ABBYY Russia;For details about the activation procedure, please contact the distributor from which you purchased the software. Should you have any questions, please contact the nearest ABBYY office: ABBYY Russia, Tel.: +7 095 783 3700 ;Fax: +7 095 783 2663;
Nicaragua;ABBYY Russia;For details about the activation procedure, please contact the distributor from which you purchased the software. Should you have any questions, please contact the nearest ABBYY office: ABBYY Russia, Tel.: +7 095 783 3700 ;Fax: +7 095 783 2663;
Niger;ABBYY Russia;For details about the activation procedure, please contact the distributor from which you purchased the software. Should you have any questions, please contact the nearest ABBYY office: ABBYY Russia, Tel.: +7 095 783 3700 ;Fax: +7 095 783 2663;
Nigeria;ABBYY Russia;For details about the activation procedure, please contact the distributor from which you purchased the software. Should you have any questions, please contact the nearest ABBYY office: ABBYY Russia, Tel.: +7 095 783 3700 ;Fax: +7 095 783 2663;
Norfolk Island;ABBYY Russia;For details about the activation procedure, please contact the distributor from which you purchased the software. Should you have any questions, please contact the nearest ABBYY office: ABBYY Russia, Tel.: +7 095 783 3700 ;Fax: +7 095 783 2663;
Northern Mariana Islands;ABBYY Russia;For details about the activation procedure, please contact the distributor from which you purchased the software. Should you have any questions, please contact the nearest ABBYY office: ABBYY Russia, Tel.: +7 095 783 3700 ;Fax: +7 095 783 2663;
Norway;ABBYY Europe GmbH;Tel.: 81003605;Fax: 81003604;
Oman;ABBYY Russia;For details about the activation procedure, please contact the distributor from which you purchased the software. Should you have any questions, please contact the nearest ABBYY office: ABBYY Russia, Tel.: +7 095 783 3700 ;Fax: +7 095 783 2663;
Pakistan;ABBYY Russia;For details about the activation procedure, please contact the distributor from which you purchased the software. Should you have any questions, please contact the nearest ABBYY office: ABBYY Russia, Tel.: +7 095 783 3700 ;Fax: +7 095 783 2663;
Palau;ABBYY Russia;For details about the activation procedure, please contact the distributor from which you purchased the software. Should you have any questions, please contact the nearest ABBYY office: ABBYY Russia, Tel.: +7 095 783 3700 ;Fax: +7 095 783 2663;
Panama;ABBYY USA;Tel.: +1 510 226 6717;;Phone activation is only available: between 9 am and 6 pm Pacific Standard Time Monday to Friday.
Papua New Guinea;ABBYY Russia;For details about the activation procedure, please contact the distributor from which you purchased the software. Should you have any questions, please contact the nearest ABBYY office: ABBYY Russia, Tel.: +7 095 783 3700 ;Fax: +7 095 783 2663;
Paraguay;ABBYY USA;Tel.: +1 510 226 6717;;Phone activation is only available: between 9 am and 6 pm Pacific Standard Time Monday to Friday.
Peru;ABBYY USA;Tel.: +1 510 226 6717;;Phone activation is only available: between 9 am and 6 pm Pacific Standard Time Monday to Friday.
Philippines;ABBYY Russia;For details about the activation procedure, please contact the distributor from which you purchased the software. Should you have any questions, please contact the nearest ABBYY office: ABBYY Russia, Tel.: +7 095 783 3700 ;Fax: +7 095 783 2663;
Poland;AutoID;Tel.: +48 12 2925100;Fax: +48 12 6560443;
Portugal;ABBYY Europe GmbH;Tel.: 808202369;Fax: 808202370;
Puerto Rico;ABBYY USA;Tel.: +1 510 226 6717;;Phone activation is only available: between 9 am and 6 pm Pacific Standard Time Monday to Friday.
Qatar;ABBYY Russia;For details about the activation procedure, please contact the distributor from which you purchased the software. Should you have any questions, please contact the nearest ABBYY office: ABBYY Russia, Tel.: +7 095 783 3700 ;Fax: +7 095 783 2663;
Reunion;ABBYY Russia;For details about the activation procedure, please contact the distributor from which you purchased the software. Should you have any questions, please contact the nearest ABBYY office: ABBYY Russia, Tel.: +7 095 783 3700 ;Fax: +7 095 783 2663;
Romania;Star Group;Tel.: +40 21 2421233;Fax +40 21 2421233
Russia;ABBYY Russia;For details about the activation procedure, please contact the distributor from which you purchased the software. Should you have any questions, please contact the nearest ABBYY office: ABBYY Russia, Tel.: +7 095 783 3700 ;Fax: +7 095 783 2663
Rwanda;ABBYY Russia;For details about the activation procedure, please contact the distributor from which you purchased the software. Should you have any questions, please contact the nearest ABBYY office: ABBYY Russia, Tel.: +7 095 783 3700 ;Fax: +7 095 783 2663
San Marino;ABBYY Europe GmbH;Tel.: +49 89 511159-0 ;Fax: +49 89 5111 5959
Saudi Arabia;ABBYY Russia;For details about the activation procedure, please contact the distributor from which you purchased the software. Should you have any questions, please contact the nearest ABBYY office: ABBYY Russia, Tel.: +7 095 783 3700 ;Fax: +7 095 783 2663
Senegal;ABBYY Russia;For details about the activation procedure, please contact the distributor from which you purchased the software. Should you have any questions, please contact the nearest ABBYY office: ABBYY Russia, Tel.: +7 095 783 3700 ;Fax: +7 095 783 2663
Serbia & Montenegro (Yugoslavia);MFC Mikrokommerc;Tel.: +381 11 3972440;Fax: +381 11 3095233
Seychelles;ABBYY Russia;For details about the activation procedure, please contact the distributor from which you purchased the software. Should you have any questions, please contact the nearest ABBYY office: ABBYY Russia, Tel.: +7 095 783 3700 ;Fax: +7 095 783 2663
Sierra Leone;ABBYY Russia;For details about the activation procedure, please contact the distributor from which you purchased the software. Should you have any questions, please contact the nearest ABBYY office: ABBYY Russia, Tel.: +7 095 783 3700 ;Fax: +7 095 783 2663
Singapore;ABBYY Russia;For details about the activation procedure, please contact the distributor from which you purchased the software. Should you have any questions, please contact the nearest ABBYY office: ABBYY Russia, Tel.: +7 095 783 3700 ;Fax: +7 095 783 2663
Slovakia;Nupseso, a.s.;Tel.: +421 37 6542434;Fax: +421 37 6542381
Slovenia;Gambit trade d.o.o.;Tel.: +386 01 4376333;Fax: +386 01 4374485
Solomon Islands;ABBYY Russia;For details about the activation procedure, please contact the distributor from which you purchased the software. Should you have any questions, please contact the nearest ABBYY office: ABBYY Russia, Tel.: +7 095 783 3700 ;Fax: +7 095 783 2663
Somalia;ABBYY Russia;For details about the activation procedure, please contact the distributor from which you purchased the software. Should you have any questions, please contact the nearest ABBYY office: ABBYY Russia, Tel.: +7 095 783 3700 ;Fax: +7 095 783 2663
South Africa;ABBYY Russia;For details about the activation procedure, please contact the distributor from which you purchased the software. Should you have any questions, please contact the nearest ABBYY office: ABBYY Russia, Tel.: +7 095 783 3700 ;Fax: +7 095 783 2663
Spain;ABBYY Europe GmbH;Tel.: 901810772;Fax: 901810773
Sri Lanka;ABBYY Russia;For details about the activation procedure, please contact the distributor from which you purchased the software. Should you have any questions, please contact the nearest ABBYY office: ABBYY Russia, Tel.: +7 095 783 3700 ;Fax: +7 095 783 2663;
Sudan;ABBYY Russia;For details about the activation procedure, please contact the distributor from which you purchased the software. Should you have any questions, please contact the nearest ABBYY office: ABBYY Russia, Tel.: +7 095 783 3700 ;Fax: +7 095 783 2663;
Suriname;ABBYY USA;Tel.: +1 510 226 6717;;Phone activation is only available: between 9 am and 6 pm Pacific Standard Time Monday to Friday.
Svalbard;ABBYY Europe GmbH;Tel.: +49 89 511159-0 ;Fax: +49 89 5111 5959;
Swaziland;ABBYY Russia;For details about the activation procedure, please contact the distributor from which you purchased the software. Should you have any questions, please contact the nearest ABBYY office: ABBYY Russia, Tel.: +7 095 783 3700 ;Fax: +7 095 783 2663;
Sweden;ABBYY Europe GmbH;Tel.: 0771233330;Fax: 0771725590;
Switzerland;ABBYY Europe GmbH;Tel.: 844000008;Fax: 844000009;
Syria;ABBYY Russia;For details about the activation procedure, please contact the distributor from which you purchased the software. Should you have any questions, please contact the nearest ABBYY office: ABBYY Russia, Tel.: +7 095 783 3700 ;Fax: +7 095 783 2663;
Taiwan;ABBYY Russia;For details about the activation procedure, please contact the distributor from which you purchased the software. Should you have any questions, please contact the nearest ABBYY office: ABBYY Russia, Tel.: +7 095 783 3700 ;Fax: +7 095 783 2663;
Tajikistan;ABBYY Russia;For details about the activation procedure, please contact the distributor from which you purchased the software. Should you have any questions, please contact the nearest ABBYY office: ABBYY Russia, Tel.: +7 095 783 3700 ;Fax: +7 095 783 2663;
Tanzania;ABBYY Russia;For details about the activation procedure, please contact the distributor from which you purchased the software. Should you have any questions, please contact the nearest ABBYY office: ABBYY Russia, Tel.: +7 095 783 3700 ;Fax: +7 095 783 2663;
Thailand;ABBYY Russia;For details about the activation procedure, please contact the distributor from which you purchased the software. Should you have any questions, please contact the nearest ABBYY office: ABBYY Russia, Tel.: +7 095 783 3700 ;Fax: +7 095 783 2663;
Togo;ABBYY Russia;For details about the activation procedure, please contact the distributor from which you purchased the software. Should you have any questions, please contact the nearest ABBYY office: ABBYY Russia, Tel.: +7 095 783 3700 ;Fax: +7 095 783 2663;
Tokelau;ABBYY Russia;For details about the activation procedure, please contact the distributor from which you purchased the software. Should you have any questions, please contact the nearest ABBYY office: ABBYY Russia, Tel.: +7 095 783 3700 ;Fax: +7 095 783 2663;
Tonga;ABBYY Russia;For details about the activation procedure, please contact the distributor from which you purchased the software. Should you have any questions, please contact the nearest ABBYY office: ABBYY Russia, Tel.: +7 095 783 3700 ;Fax: +7 095 783 2663;
Trinidad & Tobago;ABBYY USA;Tel.: +1 510 226 6717;;Phone activation is only available: between 9 am and 6 pm Pacific Standard Time Monday to Friday.
Tunisia;ABBYY Russia;For details about the activation procedure, please contact the distributor from which you purchased the software. Should you have any questions, please contact the nearest ABBYY office: ABBYY Russia, Tel.: +7 095 783 3700 ;Fax: +7 095 783 2663;
Turkey;KETS LTD. CO.;Tel.: +90 212 232 5666;Fax: +90 212 2401828;
Turkmenistan;ABBYY Russia;For details about the activation procedure, please contact the distributor from which you purchased the software. Should you have any questions, please contact the nearest ABBYY office: ABBYY Russia, Tel.: +7 095 783 3700 ;Fax: +7 095 783 2663;
Turks & Caicos Islands;ABBYY USA;Tel.: +1 510 226 6717;;Phone activation is only available: between 9 am and 6 pm Pacific Standard Time Monday to Friday.
Tuvalu;ABBYY Russia;For details about the activation procedure, please contact the distributor from which you purchased the software. Should you have any questions, please contact the nearest ABBYY office: ABBYY Russia, Tel.: +7 095 783 3700 ;Fax: +7 095 783 2663;
Uganda;ABBYY Russia;For details about the activation procedure, please contact the distributor from which you purchased the software. Should you have any questions, please contact the nearest ABBYY office: ABBYY Russia, Tel.: +7 095 783 3700 ;Fax: +7 095 783 2663;
Ukraine;ABBYY Ukraine;Tel.: +38 044 490 94 63;Fax: +38 044 4909461;
United Arab Emirates;ABBYY Russia;For details about the activation procedure, please contact the distributor from which you purchased the software. Should you have any questions, please contact the nearest ABBYY office: ABBYY Russia, Tel.: +7 095 783 3700 ;Fax: +7 095 783 2663;
United Kingdom;ABBYY Europe GmbH;Tel.: 08706000231;Fax: 08706000232;
Uruguay;ABBYY USA;Tel.: +1 510 226 6717;;Phone activation is only available: between 9 am and 6 pm Pacific Standard Time Monday to Friday.
USA;ABBYY USA;Tel.: +1 510 226 6717;;Phone activation is only available: between 9 am and 6 pm Pacific Standard Time Monday to Friday.
Uzbekistan;ABBYY Russia;For details about the activation procedure, please contact the distributor from which you purchased the software. Should you have any questions, please contact the nearest ABBYY office: ABBYY Russia, Tel.: +7 095 783 3700 ;Fax: +7 095 783 2663;
Vanuatu;ABBYY Russia;For details about the activation procedure, please contact the distributor from which you purchased the software. Should you have any questions, please contact the nearest ABBYY office: ABBYY Russia, Tel.: +7 095 783 3700 ;Fax: +7 095 783 2663;
Vatican City (Citta del Vaticano);ABBYY Europe GmbH;Tel.: +49 89 511159-0 ;Fax: +49 89 5111 5959;
Venezuela;ABBYY USA;Tel.: +1 510 226 6717;;Phone activation is only available: between 9 am and 6 pm Pacific Standard Time Monday to Friday.
Vietnam;ABBYY Russia;For details about the activation procedure, please contact the distributor from which you purchased the software. Should you have any questions, please contact the nearest ABBYY office: ABBYY Russia, Tel.: +7 095 783 3700 ;Fax: +7 095 783 2663;
Virgin Islands;ABBYY USA;Tel.: +1 510 226 6717;;Phone activation is only available: between 9 am and 6 pm Pacific Standard Time Monday to Friday.
Wallis and Futuna;ABBYY Russia;For details about the activation procedure, please contact the distributor from which you purchased the software. Should you have any questions, please contact the nearest ABBYY office: ABBYY Russia, Tel.: +7 095 783 3700 ;Fax: +7 095 783 2663;
Western Sahara;ABBYY Russia;For details about the activation procedure, please contact the distributor from which you purchased the software. Should you have any questions, please contact the nearest ABBYY office: ABBYY Russia, Tel.: +7 095 783 3700 ;Fax: +7 095 783 2663;
Western Samoa;ABBYY Russia;For details about the activation procedure, please contact the distributor from which you purchased the software. Should you have any questions, please contact the nearest ABBYY office: ABBYY Russia, Tel.: +7 095 783 3700 ;Fax: +7 095 783 2663;
Yemen;ABBYY Russia;For details about the activation procedure, please contact the distributor from which you purchased the software. Should you have any questions, please contact the nearest ABBYY office: ABBYY Russia, Tel.: +7 095 783 3700 ;Fax: +7 095 783 2663;
Zambia;ABBYY Russia;For details about the activation procedure, please contact the distributor from which you purchased the software. Should you have any questions, please contact the nearest ABBYY office: ABBYY Russia, Tel.: +7 095 783 3700 ;Fax: +7 095 783 2663;
Zimbabwe;ABBYY Russia;For details about the activation procedure, please contact the distributor from which you purchased the software. Should you have any questions, please contact the nearest ABBYY office: ABBYY Russia, Tel.: +7 095 783 3700 ;Fax: +7 095 783 2663;
Other...;ABBYY Russia;For details about the activation procedure, please contact the distributor from which you purchased the software. Should you have any questions, please contact the nearest ABBYY office: ABBYY Russia, Tel.: +7 095 783 3700 ;Fax: +7 095 783 2663;
